Timestamp for sample frequency every 1 min min,Temperature_Fahrenheit,Relative_Humidity
2026-02-02 08:08:00,34.52,64
2026-02-02 08:20:00,34.52,64
2026-02-02 08:21:00,38.3,54.4
2026-02-02 08:22:00,41,46.1
2026-02-02 08:23:00,42.44,40.7
2026-02-02 08:24:00,42.98,39
2026-02-02 08:25:00,43.34,37.5
2026-02-02 08:26:00,43.34,37.5
2026-02-02 08:27:00,48.74,35.4
2026-02-02 08:28:00,49.46,32.2
2026-02-02 08:29:00,49.1,31.1
2026-02-02 08:30:00,48.74,30.2
2026-02-02 08:31:00,48.2,29.5
2026-02-02 08:32:00,47.84,28.9
2026-02-02 08:33:00,47.48,28.4
2026-02-02 08:34:00,47.3,28.3
2026-02-02 08:35:00,47.12,27.8
2026-02-02 08:36:00,47.12,27.5
2026-02-02 08:37:00,47.12,32.6
2026-02-02 08:38:00,47.48,34
2026-02-02 08:39:00,48.02,34
2026-02-02 08:40:00,48.56,33.4
2026-02-02 08:41:00,49.1,32.9
2026-02-02 08:42:00,49.46,33.4
2026-02-02 08:43:00,50,30.5
2026-02-02 08:44:00,50.18,27.4
2026-02-02 08:45:00,50.36,27.8
2026-02-02 08:46:00,50.54,27.3
2026-02-02 08:47:00,50.9,27.3
2026-02-02 08:48:00,51.08,28.4
2026-02-02 08:49:00,51.44,29.6
2026-02-02 08:50:00,50.54,28.9
2026-02-02 08:51:00,50.36,29.8
2026-02-02 08:52:00,50.36,30.4
2026-02-02 08:53:00,50.36,30.9
2026-02-02 08:54:00,50.54,31.1
2026-02-02 08:55:00,50.54,31.3
2026-02-02 08:56:00,50.54,31.4
2026-02-02 08:57:00,50.36,31.5
2026-02-02 08:58:00,50.36,31.7
2026-02-02 08:59:00,50.36,31.8
2026-02-02 09:00:00,50.18,31.9
2026-02-02 09:01:00,50.18,32
2026-02-02 09:02:00,50,32.1
2026-02-02 09:03:00,50,32.1
2026-02-02 09:04:00,49.82,32.2
2026-02-02 09:05:00,49.64,32.1
2026-02-02 09:06:00,49.46,32.1
2026-02-02 09:07:00,49.46,32
2026-02-02 09:08:00,49.28,32.1
2026-02-02 09:09:00,49.1,32
2026-02-02 09:10:00,48.92,32
2026-02-02 09:11:00,48.74,32.1
2026-02-02 09:12:00,48.56,32.1
2026-02-02 09:13:00,48.38,32.1
2026-02-02 09:14:00,48.2,32.1
2026-02-02 09:15:00,48.2,32.2
2026-02-02 09:16:00,48.02,32.2
2026-02-02 09:17:00,47.84,32.2
2026-02-02 09:18:00,47.66,32.3
2026-02-02 09:19:00,47.48,32.3
2026-02-02 09:20:00,47.3,32.4
2026-02-02 09:21:00,47.12,32.4
2026-02-02 09:22:00,46.94,32.3
2026-02-02 09:23:00,46.76,32.7
2026-02-02 09:24:00,46.58,32.4
2026-02-02 09:25:00,46.4,32.5
2026-02-02 09:26:00,46.4,32.6
2026-02-02 09:27:00,46.22,32.6
2026-02-02 09:28:00,46.04,32.6
2026-02-02 09:29:00,45.86,32.7
2026-02-02 09:30:00,45.68,32.7
2026-02-02 09:31:00,45.5,32.8
2026-02-02 09:32:00,45.5,32.9
2026-02-02 09:33:00,45.32,32.9
2026-02-02 09:34:00,45.14,33
2026-02-02 09:35:00,44.96,33
2026-02-02 09:36:00,44.78,33.1
2026-02-02 09:37:00,44.6,33.1
2026-02-02 09:38:00,44.6,33.1
2026-02-02 09:39:00,44.42,33.3
2026-02-02 09:40:00,44.24,33.2
2026-02-02 09:41:00,44.06,33.6
2026-02-02 09:42:00,43.88,33.3
2026-02-02 09:43:00,43.88,33.3
2026-02-02 09:44:00,43.7,33.6
2026-02-02 09:45:00,43.52,33.5
2026-02-02 09:46:00,43.52,33.5
2026-02-02 09:47:00,43.34,33.8
2026-02-02 09:48:00,43.16,33.8
2026-02-02 09:49:00,42.98,33.7
2026-02-02 09:50:00,42.98,33.8
2026-02-02 09:51:00,42.8,33.8
2026-02-02 09:52:00,42.8,34
2026-02-02 09:53:00,42.62,34.3
2026-02-02 09:54:00,42.44,34.2
2026-02-02 09:55:00,42.26,34.3
2026-02-02 09:56:00,42.26,34.4
2026-02-02 09:57:00,42.08,34.6
2026-02-02 09:58:00,41.9,34.4
2026-02-02 09:59:00,41.9,35.1
2026-02-02 10:00:00,41.72,34.7
2026-02-02 10:01:00,41.72,34.9
2026-02-02 10:02:00,41.54,34.8
2026-02-02 10:03:00,41.36,35.1
2026-02-02 10:04:00,41.36,35.3
2026-02-02 10:05:00,41.18,34.9
2026-02-02 10:06:00,41,35.4
2026-02-02 10:07:00,41,35.4
2026-02-02 10:08:00,40.82,35.6
2026-02-02 10:09:00,40.82,35.6
2026-02-02 10:10:00,40.64,35.7
2026-02-02 10:11:00,40.46,35.5
2026-02-02 10:12:00,40.46,35.7
2026-02-02 10:13:00,40.28,35.5
2026-02-02 10:14:00,40.28,35.8
2026-02-02 10:15:00,40.1,36.1
2026-02-02 10:16:00,40.1,36.3
2026-02-02 10:17:00,40.1,36.1
2026-02-02 10:18:00,39.92,36.3
2026-02-02 10:19:00,39.74,36.1
2026-02-02 10:20:00,39.74,36.3
2026-02-02 10:21:00,39.56,36.4
2026-02-02 10:22:00,39.56,36.3
2026-02-02 10:23:00,39.38,36.5
2026-02-02 10:24:00,39.38,36.4
2026-02-02 10:25:00,39.2,36.6
2026-02-02 10:26:00,39.2,36.5
2026-02-02 10:27:00,39.2,36.6
2026-02-02 10:28:00,39.02,36.7
2026-02-02 10:29:00,39.02,36.8
2026-02-02 10:30:00,39.02,37.1
2026-02-02 10:31:00,38.84,37.1
2026-02-02 10:32:00,38.84,37.1
2026-02-02 10:33:00,38.66,37.2
2026-02-02 10:34:00,38.66,37.3
2026-02-02 10:35:00,38.48,37.4
2026-02-02 10:36:00,38.48,37.5
2026-02-02 10:37:00,38.48,37.6
2026-02-02 10:38:00,38.3,37.5
2026-02-02 10:39:00,38.3,37.2
2026-02-02 10:40:00,38.3,37.6
2026-02-02 10:41:00,38.3,37.7
2026-02-02 10:42:00,38.12,37.6
2026-02-02 10:43:00,38.12,37.6
2026-02-02 10:44:00,38.12,37.4
2026-02-02 10:45:00,37.94,37.8
2026-02-02 10:46:00,37.94,37.8
2026-02-02 10:47:00,37.94,37.9
2026-02-02 10:48:00,37.76,38.1
2026-02-02 10:49:00,37.76,37.9
2026-02-02 10:50:00,37.76,38.1
2026-02-02 10:51:00,37.76,38.1
2026-02-02 10:52:00,37.58,38.2
2026-02-02 10:53:00,37.58,38.2
2026-02-02 10:54:00,37.58,38
2026-02-02 10:55:00,37.58,37.8
2026-02-02 10:56:00,37.4,37.7
2026-02-02 10:57:00,37.4,38.2
2026-02-02 10:58:00,37.4,38.1
2026-02-02 10:59:00,37.4,37.8
2026-02-02 11:00:00,37.4,37.7
2026-02-02 11:01:00,37.4,37.9
2026-02-02 11:02:00,37.4,37.9
2026-02-02 11:03:00,37.22,38.1
2026-02-02 11:04:00,37.22,38.2
2026-02-02 11:05:00,37.22,38.1
2026-02-02 11:06:00,37.22,38.1
2026-02-02 11:07:00,37.22,38.3
2026-02-02 11:08:00,37.22,38
2026-02-02 11:09:00,37.22,38.5
2026-02-02 11:10:00,37.22,38.4
2026-02-02 11:11:00,37.22,38.4
2026-02-02 11:12:00,37.22,38.5
2026-02-02 11:13:00,37.22,38.3
2026-02-02 11:14:00,37.22,38.2
2026-02-02 11:15:00,37.22,38.5
2026-02-02 11:16:00,37.04,38.3
2026-02-02 11:17:00,37.22,38.5
2026-02-02 11:18:00,37.04,38
2026-02-02 11:19:00,37.04,38
2026-02-02 11:20:00,37.04,37.9
2026-02-02 11:21:00,37.04,38
2026-02-02 11:22:00,37.04,38.3
2026-02-02 11:23:00,37.04,38.1
2026-02-02 11:24:00,37.04,38.4
2026-02-02 11:25:00,37.04,38.2
2026-02-02 11:26:00,37.04,38
2026-02-02 11:27:00,37.04,38
2026-02-02 11:28:00,37.04,37.8
2026-02-02 11:29:00,37.04,38
2026-02-02 11:30:00,37.04,38
2026-02-02 11:31:00,37.04,38.4
2026-02-02 11:32:00,37.04,38.2
2026-02-02 11:33:00,37.04,38.6
2026-02-02 11:34:00,37.04,38.4
2026-02-02 11:35:00,37.04,38.4
2026-02-02 11:36:00,36.86,38.3
2026-02-02 11:37:00,37.04,38.4
2026-02-02 11:38:00,36.86,38.5
2026-02-02 11:39:00,36.86,38.6
2026-02-02 11:40:00,36.86,38.4
2026-02-02 11:41:00,36.86,38.2
2026-02-02 11:42:00,36.86,38
2026-02-02 11:43:00,36.86,38
2026-02-02 11:44:00,36.86,38.1
2026-02-02 11:45:00,36.86,38.2
2026-02-02 11:46:00,36.86,38.2
2026-02-02 11:47:00,36.86,38.4
2026-02-02 11:48:00,36.86,38.4
2026-02-02 11:49:00,36.86,38.6
2026-02-02 11:50:00,36.86,38.4
2026-02-02 11:51:00,36.86,38.4
2026-02-02 11:52:00,36.86,38.2
2026-02-02 11:53:00,36.86,38.3
2026-02-02 11:54:00,36.86,38.8
2026-02-02 11:55:00,36.86,38.6
2026-02-02 11:56:00,36.86,38.5
2026-02-02 11:57:00,36.86,38.6
2026-02-02 11:58:00,36.86,38.6
2026-02-02 11:59:00,36.86,38.9
2026-02-02 12:00:00,36.86,39
2026-02-02 12:01:00,36.86,38.6
2026-02-02 12:02:00,36.86,38.6
2026-02-02 12:03:00,36.86,39.1
2026-02-02 12:04:00,36.86,39.3
2026-02-02 12:05:00,36.86,39.4
2026-02-02 12:06:00,36.86,39.5
2026-02-02 12:07:00,36.86,39.3
2026-02-02 12:08:00,36.86,39.1
2026-02-02 12:09:00,36.86,39.5
2026-02-02 12:10:00,36.86,39.9
2026-02-02 12:11:00,36.86,39.7
2026-02-02 12:12:00,36.86,39.8
2026-02-02 12:13:00,36.86,39.8
2026-02-02 12:14:00,36.86,40.2
2026-02-02 12:15:00,36.86,39.4
2026-02-02 12:16:00,36.86,39.8
2026-02-02 12:17:00,36.86,39.7
2026-02-02 12:18:00,36.86,39.7
2026-02-02 12:19:00,36.86,39.9
2026-02-02 12:20:00,36.86,40.2
2026-02-02 12:21:00,36.86,40.1
2026-02-02 12:22:00,36.86,40.1
2026-02-02 12:23:00,36.86,40
2026-02-02 12:24:00,36.86,40.2
2026-02-02 12:25:00,36.68,39.7
2026-02-02 12:26:00,36.68,40.1
2026-02-02 12:27:00,36.68,39.9
2026-02-02 12:28:00,36.68,39.5
2026-02-02 12:29:00,36.68,39.8
2026-02-02 12:30:00,36.68,40.2
2026-02-02 12:31:00,36.68,40.1
2026-02-02 12:32:00,36.68,39.8
2026-02-02 12:33:00,36.68,40.1
2026-02-02 12:34:00,36.68,40
2026-02-02 12:35:00,36.68,40.2
2026-02-02 12:36:00,36.68,40
2026-02-02 12:37:00,36.68,40.1
2026-02-02 12:38:00,36.68,40.1
2026-02-02 12:39:00,36.68,40.1
2026-02-02 12:40:00,36.68,40.1
2026-02-02 12:41:00,36.5,40.2
2026-02-02 12:42:00,36.5,40.1
2026-02-02 12:43:00,36.5,40.1
2026-02-02 12:44:00,36.5,40.1
2026-02-02 12:45:00,36.5,40.2
2026-02-02 12:46:00,36.5,40
2026-02-02 12:47:00,36.5,40.2
2026-02-02 12:48:00,36.5,40
2026-02-02 12:49:00,36.5,40
2026-02-02 12:50:00,36.5,40.1
2026-02-02 12:51:00,36.5,40.2
2026-02-02 12:52:00,36.5,40.1
2026-02-02 12:53:00,36.5,40.2
2026-02-02 12:54:00,36.5,40
2026-02-02 12:55:00,36.5,40.1
2026-02-02 12:56:00,36.32,40.3
2026-02-02 12:57:00,36.32,40.2
2026-02-02 12:58:00,36.32,40
2026-02-02 12:59:00,36.32,40.1
2026-02-02 13:00:00,36.32,39.9
2026-02-02 13:01:00,36.32,40.2
2026-02-02 13:02:00,36.32,40.2
2026-02-02 13:03:00,36.32,40.3
2026-02-02 13:04:00,36.32,40.3
2026-02-02 13:05:00,36.32,40.1
2026-02-02 13:06:00,36.32,40.1
2026-02-02 13:07:00,36.32,40.2
2026-02-02 13:08:00,36.32,40.2
2026-02-02 13:09:00,36.32,40.1
2026-02-02 13:10:00,36.32,40.2
2026-02-02 13:11:00,36.32,40.3
2026-02-02 13:12:00,36.32,40.4
2026-02-02 13:13:00,36.32,40.5
2026-02-02 13:14:00,36.32,40.5
2026-02-02 13:15:00,36.32,40.6
2026-02-02 13:16:00,36.32,40.7
2026-02-02 13:17:00,36.32,40.7
2026-02-02 13:18:00,36.14,40.7
2026-02-02 13:19:00,36.32,40.7
2026-02-02 13:20:00,36.14,40.8
2026-02-02 13:21:00,36.14,40.7
2026-02-02 13:22:00,36.14,40.6
2026-02-02 13:23:00,36.14,40.7
2026-02-02 13:24:00,36.14,40.6
2026-02-02 13:25:00,36.14,40.7
2026-02-02 13:26:00,36.14,40.8
2026-02-02 13:27:00,36.14,40.8
2026-02-02 13:28:00,36.14,40.9
2026-02-02 13:29:00,36.14,40.9
2026-02-02 13:30:00,36.14,40.9
2026-02-02 13:31:00,36.14,40.9
2026-02-02 13:32:00,36.14,40.9
2026-02-02 13:33:00,36.14,40.9
2026-02-02 13:34:00,35.96,40.8
2026-02-02 13:35:00,35.96,41
2026-02-02 13:36:00,36.14,40.7
2026-02-02 13:37:00,35.96,40.9
2026-02-02 13:38:00,35.96,40.9
2026-02-02 13:39:00,35.96,41
2026-02-02 13:40:00,35.96,41
2026-02-02 13:41:00,35.96,41
2026-02-02 13:42:00,35.96,41
2026-02-02 13:43:00,35.96,41
2026-02-02 13:44:00,35.96,41
2026-02-02 13:45:00,35.96,41.1
2026-02-02 13:46:00,35.96,41
2026-02-02 13:47:00,35.96,41
2026-02-02 13:48:00,35.96,41
2026-02-02 13:49:00,35.96,40.9
2026-02-02 13:50:00,35.96,41.1
2026-02-02 13:51:00,35.96,41.2
2026-02-02 13:52:00,35.96,41.1
2026-02-02 13:53:00,35.96,41.2
2026-02-02 13:54:00,35.96,41.4
2026-02-02 13:55:00,35.96,41.3
2026-02-02 13:56:00,35.96,41.3
2026-02-02 13:57:00,35.96,41.4
2026-02-02 13:58:00,35.96,41.4
2026-02-02 13:59:00,35.78,41.3
2026-02-02 14:00:00,35.78,41.4
2026-02-02 14:01:00,35.78,41.5
2026-02-02 14:02:00,35.96,41.5
2026-02-02 14:03:00,35.78,41.5
2026-02-02 14:04:00,35.78,41.7
2026-02-02 14:05:00,35.78,41.6
2026-02-02 14:06:00,35.78,41.6
2026-02-02 14:07:00,35.78,41.5
2026-02-02 14:08:00,35.78,41.6
2026-02-02 14:09:00,35.78,41.7
2026-02-02 14:10:00,35.78,41.7
2026-02-02 14:11:00,35.78,41.7
2026-02-02 14:12:00,35.78,41.8
2026-02-02 14:13:00,35.78,41.7
2026-02-02 14:14:00,35.78,41.7
2026-02-02 14:15:00,35.78,41.8
2026-02-02 14:16:00,35.78,41.9
2026-02-02 14:17:00,35.78,41.8
2026-02-02 14:18:00,35.78,42
2026-02-02 14:19:00,35.78,42
2026-02-02 14:20:00,35.78,42
2026-02-02 14:21:00,35.6,42
2026-02-02 14:22:00,35.6,42.2
2026-02-02 14:23:00,35.6,42.1
2026-02-02 14:24:00,35.6,42
2026-02-02 14:25:00,35.6,42.2
2026-02-02 14:26:00,35.6,42.2
2026-02-02 14:27:00,35.6,42.3
2026-02-02 14:28:00,35.6,42.4
2026-02-02 14:29:00,35.6,42.4
2026-02-02 14:30:00,35.6,42.4
2026-02-02 14:31:00,35.6,42.5
2026-02-02 14:32:00,35.6,42.5
2026-02-02 14:33:00,35.6,42.2
2026-02-02 14:34:00,35.6,42.3
2026-02-02 14:35:00,35.6,42.4
2026-02-02 14:36:00,35.6,42.5
2026-02-02 14:37:00,35.42,42.5
2026-02-02 14:38:00,35.42,42.5
2026-02-02 14:39:00,35.42,42.6
2026-02-02 14:40:00,35.42,42.7
2026-02-02 14:41:00,35.42,42.7
2026-02-02 14:42:00,35.42,42.6
2026-02-02 14:43:00,35.42,42.5
2026-02-02 14:44:00,35.24,42.6
2026-02-02 14:45:00,35.24,42.8
2026-02-02 14:46:00,35.24,42.8
2026-02-02 14:47:00,35.24,42.8
2026-02-02 14:48:00,35.24,42.7
2026-02-02 14:49:00,35.24,42.9
2026-02-02 14:50:00,35.24,42.8
2026-02-02 14:51:00,35.06,42.8
2026-02-02 14:52:00,35.06,42.7
2026-02-02 14:53:00,35.06,42.9
2026-02-02 14:54:00,35.06,43
2026-02-02 14:55:00,35.06,43.4
2026-02-02 14:56:00,35.06,43.3
2026-02-02 14:57:00,35.06,43.1
2026-02-02 14:58:00,34.88,43.1
2026-02-02 14:59:00,34.88,43.3
2026-02-02 15:00:00,34.88,43.2
2026-02-02 15:01:00,34.88,43.3
2026-02-02 15:02:00,34.88,43.2
2026-02-02 15:03:00,34.88,43.1
2026-02-02 15:04:00,34.88,43.2
2026-02-02 15:05:00,34.88,43.5
2026-02-02 15:06:00,34.88,43.4
2026-02-02 15:07:00,34.7,43.3
2026-02-02 15:08:00,34.7,43.4
2026-02-02 15:09:00,34.7,43.3
2026-02-02 15:10:00,34.7,43.5
2026-02-02 15:11:00,34.7,43.5
2026-02-02 15:12:00,34.7,43.4
2026-02-02 15:13:00,34.7,43.5
2026-02-02 15:14:00,34.7,43.6
2026-02-02 15:15:00,34.7,43.9
2026-02-02 15:16:00,34.7,44
2026-02-02 15:17:00,34.7,43.6
2026-02-02 15:18:00,34.52,43.5
2026-02-02 15:19:00,34.52,44
2026-02-02 15:20:00,34.52,44
2026-02-02 15:21:00,34.52,43.9
2026-02-02 15:22:00,34.52,43.8
2026-02-02 15:23:00,34.52,43.9
2026-02-02 15:24:00,34.52,43.8
2026-02-02 15:25:00,34.52,43.8
2026-02-02 15:26:00,34.52,44.1
2026-02-02 15:27:00,34.52,44.1
2026-02-02 15:28:00,34.34,44.1
2026-02-02 15:29:00,34.34,44.1
2026-02-02 15:30:00,34.34,44
2026-02-02 15:31:00,34.34,44.3
2026-02-02 15:32:00,34.34,44
2026-02-02 15:33:00,34.34,44
2026-02-02 15:34:00,34.16,44.3
2026-02-02 15:35:00,34.16,44.2
2026-02-02 15:36:00,34.16,44.2
2026-02-02 15:37:00,34.16,44.3
2026-02-02 15:38:00,34.16,44
2026-02-02 15:39:00,34.16,44.3
2026-02-02 15:40:00,34.16,43.6
2026-02-02 15:41:00,33.98,43.9
2026-02-02 15:42:00,33.98,43.9
2026-02-02 15:43:00,33.98,44.8
2026-02-02 15:44:00,33.98,44.7
2026-02-02 15:45:00,33.98,44.4
2026-02-02 15:46:00,33.98,44.6
2026-02-02 15:47:00,33.98,44.8
2026-02-02 15:48:00,33.98,44.7
2026-02-02 15:49:00,33.8,44
2026-02-02 15:50:00,33.8,43.8
2026-02-02 15:51:00,33.8,44.9
2026-02-02 15:52:00,33.8,44.5
2026-02-02 15:53:00,33.8,44.9
2026-02-02 15:54:00,33.8,44.5
2026-02-02 15:55:00,33.8,44.4
2026-02-02 15:56:00,33.62,44.9
2026-02-02 15:57:00,33.62,45
2026-02-02 15:58:00,33.62,45.2
2026-02-02 15:59:00,33.62,44.6
2026-02-02 16:00:00,33.62,44.7
2026-02-02 16:01:00,33.62,44.2
2026-02-02 16:02:00,33.62,44.6
2026-02-02 16:03:00,33.62,44.8
2026-02-02 16:04:00,33.44,44.7
2026-02-02 16:05:00,33.44,44.5
2026-02-02 16:06:00,33.44,44.3
2026-02-02 16:07:00,33.44,44.7
2026-02-02 16:08:00,33.44,44.8
2026-02-02 16:09:00,33.44,44.9
2026-02-02 16:10:00,33.44,44.3
2026-02-02 16:11:00,33.26,44.7
2026-02-02 16:12:00,33.26,44.5
2026-02-02 16:13:00,33.26,44.7
2026-02-02 16:14:00,33.26,45.1
2026-02-02 16:15:00,33.26,44.9
2026-02-02 16:16:00,33.26,44.6
2026-02-02 16:17:00,33.26,45.2
2026-02-02 16:18:00,33.08,44.7
2026-02-02 16:19:00,33.08,44.5
2026-02-02 16:20:00,33.08,44.6
2026-02-02 16:21:00,33.08,45
2026-02-02 16:22:00,33.08,45.3
2026-02-02 16:23:00,33.08,44.9
2026-02-02 16:24:00,33.08,44.6
2026-02-02 16:25:00,33.08,45
2026-02-02 16:26:00,33.08,44.8
2026-02-02 16:27:00,32.9,45
2026-02-02 16:28:00,32.9,45.2
2026-02-02 16:29:00,32.9,44.9
2026-02-02 16:30:00,32.9,45.6
2026-02-02 16:31:00,32.9,45.3
2026-02-02 16:32:00,32.9,46.5
2026-02-02 16:33:00,32.9,45.4
2026-02-02 16:34:00,32.9,46.3
2026-02-02 16:35:00,32.72,46.8
2026-02-02 16:36:00,32.72,46.7
2026-02-02 16:37:00,32.72,46.8
2026-02-02 16:38:00,32.72,47.3
2026-02-02 16:39:00,32.72,47.4
2026-02-02 16:40:00,32.72,46.7
2026-02-02 16:41:00,32.54,47.9
2026-02-02 16:42:00,32.54,48.2
2026-02-02 16:43:00,32.36,48
2026-02-02 16:44:00,32.36,48.2
2026-02-02 16:45:00,32.36,48.3
2026-02-02 16:46:00,32.36,48.4
2026-02-02 16:47:00,32.36,48.5
2026-02-02 16:48:00,32.18,48
2026-02-02 16:49:00,32.18,48.8
2026-02-02 16:50:00,32.18,48.6
2026-02-02 16:51:00,32.18,48.7
2026-02-02 16:52:00,32,48.3
2026-02-02 16:53:00,32,48.9
2026-02-02 16:54:00,32,48.8
2026-02-02 16:55:00,32,48
2026-02-02 16:56:00,32,49
2026-02-02 16:57:00,32,49.2
2026-02-02 16:58:00,32,49.1
2026-02-02 16:59:00,32,49.3
2026-02-02 17:00:00,32,49.6
2026-02-02 17:01:00,32,49.8
2026-02-02 17:02:00,32.18,49.5
2026-02-02 17:03:00,32.18,49.7
2026-02-02 17:04:00,32.18,51
2026-02-02 17:05:00,32.9,60.4
2026-02-02 17:06:00,34.52,61.8
2026-02-02 17:07:00,37.04,59.6
2026-02-02 17:08:00,41,57.2
2026-02-02 17:09:00,44.42,50.1
2026-02-02 17:10:00,47.12,45.8
2026-02-02 17:11:00,49.28,43.1
2026-02-02 17:12:00,51.44,40.8
2026-02-02 17:13:00,53.06,38.7
2026-02-02 17:14:00,54.68,36.7
2026-02-02 17:15:00,56.48,34.7
2026-02-02 17:16:00,57.92,33.9
2026-02-02 17:17:00,58.82,33.1
2026-02-02 17:18:00,60.26,30.9
2026-02-02 17:19:00,61.7,30.1
2026-02-02 17:20:00,62.6,29.6
2026-02-02 17:21:00,63.68,29.4
2026-02-02 17:22:00,64.94,29.7
2026-02-02 17:23:00,63.68,23.6
2026-02-02 17:24:00,61.88,23.8
2026-02-02 17:25:00,60.62,23.8
2026-02-02 17:26:00,59.18,27.8
2026-02-02 17:27:00,59,27.9
2026-02-02 17:28:00,59.9,28
2026-02-02 17:29:00,60.98,27.5
2026-02-02 17:30:00,60.98,27.5
2026-02-02 17:31:00,61.88,26
2026-02-02 17:32:00,62.78,26
2026-02-02 17:33:00,63.86,24.5
2026-02-02 17:34:00,64.58,23.7
2026-02-02 17:35:00,65.48,23
2026-02-02 17:36:00,66.2,22.5
2026-02-02 17:37:00,66.92,22.1
2026-02-02 17:38:00,67.28,21.7
2026-02-02 17:39:00,67.82,21.4
2026-02-02 17:40:00,68.18,21.2
2026-02-02 17:41:00,68.54,20.9
2026-02-02 17:42:00,68.9,20.7
2026-02-02 17:43:00,69.08,20.5
2026-02-02 17:44:00,69.26,20.4
2026-02-02 17:45:00,69.44,20.2
2026-02-02 17:46:00,69.8,20.1
2026-02-02 17:47:00,69.8,20
2026-02-02 17:48:00,69.98,19.8
2026-02-02 17:49:00,70.16,19.7
2026-02-02 17:50:00,70.34,19.6
2026-02-02 17:51:00,70.52,19.5
2026-02-02 17:52:00,70.52,19.4
2026-02-02 17:53:00,70.7,19.3
2026-02-02 17:54:00,70.88,19.2
2026-02-02 17:55:00,70.88,19.1
2026-02-02 17:56:00,70.88,19.1
2026-02-02 17:57:00,70.88,19
2026-02-02 17:58:00,71.06,18.9
2026-02-02 17:59:00,71.06,18.8
2026-02-02 18:00:00,71.06,18.8
2026-02-02 18:01:00,71.24,18.7
2026-02-02 18:02:00,71.24,18.7
2026-02-02 18:03:00,71.24,18.6
2026-02-02 18:04:00,71.24,18.6
2026-02-02 18:05:00,71.24,18.5
2026-02-02 18:06:00,71.24,18.4
2026-02-02 18:07:00,71.42,18.4
2026-02-02 18:08:00,71.42,18.4
2026-02-02 18:09:00,71.42,18.3
2026-02-02 18:10:00,71.42,18.3
2026-02-02 18:11:00,71.42,18.2
2026-02-02 18:12:00,71.42,18.2
2026-02-02 18:13:00,71.42,18.1
2026-02-02 18:14:00,71.42,18.1
2026-02-02 18:15:00,71.42,18.1
2026-02-02 18:16:00,71.42,18.1
2026-02-02 18:17:00,71.42,18
2026-02-02 18:18:00,71.42,18
2026-02-02 18:19:00,71.42,17.9
2026-02-02 18:20:00,71.42,17.9
2026-02-02 18:21:00,71.42,17.9
2026-02-02 18:22:00,71.24,17.8
2026-02-02 18:23:00,71.24,17.9
2026-02-02 18:24:00,71.24,17.9
2026-02-02 18:25:00,71.24,17.8
2026-02-02 18:26:00,71.42,17.8
2026-02-02 18:27:00,71.42,17.8
2026-02-02 18:28:00,71.6,17.7
2026-02-02 18:29:00,71.6,17.7
2026-02-02 18:30:00,71.6,17.7
2026-02-02 18:31:00,71.78,17.7
2026-02-02 18:32:00,71.78,17.6
2026-02-02 18:33:00,71.78,17.6
2026-02-02 18:34:00,71.78,17.5
2026-02-02 18:35:00,71.96,17.5
2026-02-02 18:36:00,71.96,17.5
2026-02-02 18:37:00,72.14,17.4
2026-02-02 18:38:00,72.14,17.4
2026-02-02 18:39:00,72.32,17.4
2026-02-02 18:40:00,72.32,17.3
2026-02-02 18:41:00,72.5,17.3
2026-02-02 18:42:00,72.5,17.3
2026-02-02 18:43:00,72.5,17.2
2026-02-02 18:44:00,72.68,17.2
2026-02-02 18:45:00,72.68,17.2
2026-02-02 18:46:00,72.68,17.2
2026-02-02 18:47:00,72.86,17.2
2026-02-02 18:48:00,71.78,17.5
2026-02-02 18:49:00,71.96,17.5
2026-02-02 18:50:00,71.96,17.5
2026-02-02 18:51:00,72.14,17.4
2026-02-02 18:52:00,72.14,17.4
2026-02-02 18:53:00,72.32,17.4
2026-02-02 18:54:00,72.32,17.3
2026-02-02 18:55:00,72.5,17.3
2026-02-02 18:56:00,72.5,17.3
2026-02-02 18:57:00,72.5,17.2
2026-02-02 18:58:00,72.68,17.2
2026-02-02 18:59:00,72.68,17.2
2026-02-02 19:00:00,72.68,17.2
2026-02-02 19:01:00,72.86,17.2
2026-02-02 19:02:00,72.86,17.1
2026-02-02 19:03:00,73.04,17.1
2026-02-02 19:04:00,73.04,17
2026-02-02 19:05:00,72.86,17.1
2026-02-02 19:06:00,72.86,17.1
2026-02-02 19:07:00,72.86,17.1
2026-02-02 19:08:00,72.86,17.1
2026-02-02 19:09:00,72.86,17.1
2026-02-02 19:10:00,72.86,17.1
2026-02-02 19:11:00,72.68,17.1
2026-02-02 19:12:00,72.86,17.1
2026-02-02 19:13:00,72.86,17.1
2026-02-02 19:14:00,72.68,17.1
2026-02-02 19:15:00,72.86,17.1
2026-02-02 19:16:00,72.86,17.1
2026-02-02 19:17:00,72.86,17.1
2026-02-02 19:18:00,72.86,17.1
2026-02-02 19:19:00,72.86,17.1
2026-02-02 19:20:00,72.86,17.1
2026-02-02 19:21:00,72.86,17.1
2026-02-02 19:22:00,72.86,17.1
2026-02-02 19:23:00,72.86,17.1
2026-02-02 19:24:00,73.04,17.1
2026-02-02 19:25:00,73.04,17.1
2026-02-02 19:26:00,73.04,17.1
2026-02-02 19:27:00,73.04,17.1
2026-02-02 19:28:00,73.04,17.1
2026-02-02 19:29:00,73.04,17.3
2026-02-02 19:30:00,73.04,17.1
2026-02-02 19:31:00,73.22,17.2
2026-02-02 19:32:00,73.22,17.2
2026-02-02 19:33:00,73.22,17.1
2026-02-02 19:34:00,73.4,17.1
2026-02-02 19:35:00,73.58,17.1
2026-02-02 19:36:00,73.76,17.1
2026-02-02 19:37:00,73.76,17.1
2026-02-02 19:38:00,73.94,17
2026-02-02 19:39:00,74.12,16.9
2026-02-02 19:40:00,74.3,17
2026-02-02 19:41:00,74.48,17
2026-02-02 19:42:00,74.66,17.3
2026-02-02 19:43:00,74.84,17
2026-02-02 19:44:00,74.84,17
2026-02-02 19:45:00,75.02,17.1
2026-02-02 19:46:00,75.2,17.3
2026-02-02 19:47:00,75.2,17.2
2026-02-02 19:48:00,75.2,17.1
2026-02-02 19:49:00,75.2,17
2026-02-02 19:50:00,75.2,16.9
2026-02-02 19:51:00,75.2,17
2026-02-02 19:52:00,75.2,17
2026-02-02 19:53:00,75.2,17
2026-02-02 19:54:00,75.2,17.1
2026-02-02 19:55:00,75.2,21
2026-02-02 19:56:00,75.38,17.1
2026-02-02 19:57:00,75.38,17.1
2026-02-02 19:58:00,75.2,17.1
2026-02-02 19:59:00,75.2,17.1
2026-02-02 20:00:00,75.02,17.1
2026-02-02 20:01:00,75.02,17.1
2026-02-02 20:02:00,74.84,17.2
2026-02-02 20:03:00,74.84,17.1
2026-02-02 20:04:00,74.66,17.1
2026-02-02 20:05:00,74.48,17.1
2026-02-02 20:06:00,74.48,17.1
2026-02-02 20:07:00,74.3,17.2
2026-02-02 20:08:00,74.3,17.2
2026-02-02 20:09:00,74.3,17.3
2026-02-02 20:10:00,74.3,17.3
2026-02-02 20:11:00,74.3,17.3
2026-02-02 20:12:00,74.12,17.3
2026-02-02 20:13:00,74.12,17.3
2026-02-02 20:14:00,74.12,17.3
2026-02-02 20:15:00,74.12,17.3
2026-02-02 20:16:00,73.94,17.2
2026-02-02 20:17:00,73.76,17.1
2026-02-02 20:18:00,73.58,17.2
2026-02-02 20:19:00,73.58,17.2
2026-02-02 20:20:00,73.4,17.3
2026-02-02 20:21:00,73.4,17.4
2026-02-02 20:22:00,73.4,17.5
2026-02-02 20:23:00,73.4,17.5
2026-02-02 20:24:00,73.4,17.4
2026-02-02 20:25:00,73.58,17.5
2026-02-02 20:26:00,73.58,17.5
2026-02-02 20:27:00,73.58,17.4
2026-02-02 20:28:00,73.76,17.3
2026-02-02 20:29:00,73.94,17.3
2026-02-02 20:30:00,73.94,17.3
2026-02-02 20:31:00,74.12,17.3
2026-02-02 20:32:00,74.12,17.3
2026-02-02 20:33:00,74.3,17.4
2026-02-02 20:34:00,74.3,17.3
2026-02-02 20:35:00,74.48,17.2
2026-02-02 20:36:00,74.48,17.2
2026-02-02 20:37:00,74.66,17.1
2026-02-02 20:38:00,74.66,17.1
2026-02-02 20:39:00,74.84,17.1
2026-02-02 20:40:00,74.84,17
2026-02-02 20:41:00,75.02,17
2026-02-02 20:42:00,75.02,17
2026-02-02 20:43:00,75.2,17
2026-02-02 20:44:00,75.2,17.2
2026-02-02 20:45:00,75.38,17.2
2026-02-02 20:46:00,75.38,17
2026-02-02 20:47:00,75.38,17.1
2026-02-02 20:48:00,75.38,17
2026-02-02 20:49:00,75.38,16.9
2026-02-02 20:50:00,75.56,17
2026-02-02 20:51:00,75.56,17
2026-02-02 20:52:00,75.56,17
2026-02-02 20:53:00,75.74,16.9
2026-02-02 20:54:00,75.74,16.9
2026-02-02 20:55:00,75.92,17
2026-02-02 20:56:00,75.92,16.9
2026-02-02 20:57:00,75.92,16.9
2026-02-02 20:58:00,76.1,16.9
2026-02-02 20:59:00,76.1,16.8
2026-02-02 21:00:00,76.28,16.8
2026-02-02 21:01:00,76.28,16.9
2026-02-02 21:02:00,76.28,16.8
2026-02-02 21:03:00,76.46,16.8
2026-02-02 21:04:00,76.46,16.8
2026-02-02 21:05:00,76.46,16.7
2026-02-02 21:06:00,76.46,16.5
2026-02-02 21:07:00,76.28,16.5
2026-02-02 21:08:00,76.1,16.5
2026-02-02 21:09:00,76.1,16.5
2026-02-02 21:10:00,75.92,16.5
2026-02-02 21:11:00,75.92,16.5
2026-02-02 21:12:00,75.92,16.5
2026-02-02 21:13:00,75.92,16.5
2026-02-02 21:14:00,75.92,16.6
2026-02-02 21:15:00,75.92,16.6
2026-02-02 21:16:00,75.92,16.6
2026-02-02 21:17:00,75.74,16.6
2026-02-02 21:18:00,75.74,16.7
2026-02-02 21:19:00,75.74,16.7
2026-02-02 21:20:00,75.74,16.7
2026-02-02 21:21:00,75.56,16.7
2026-02-02 21:22:00,75.56,16.8
2026-02-02 21:23:00,75.56,16.8
2026-02-02 21:24:00,75.56,16.8
2026-02-02 21:25:00,75.38,16.9
2026-02-02 21:26:00,75.38,16.9
2026-02-02 21:27:00,75.38,16.9
2026-02-02 21:28:00,75.38,16.9
2026-02-02 21:29:00,75.38,17
2026-02-02 21:30:00,75.2,17
2026-02-02 21:31:00,75.2,17
2026-02-02 21:32:00,75.02,17
2026-02-02 21:33:00,75.02,17
2026-02-02 21:34:00,75.02,17.1
2026-02-02 21:35:00,74.84,17
2026-02-02 21:36:00,74.66,16.7
2026-02-02 21:37:00,74.48,16.7
2026-02-02 21:38:00,74.3,16.7
2026-02-02 21:39:00,74.12,16.7
2026-02-02 21:40:00,74.12,16.7
2026-02-02 21:41:00,73.94,16.7
2026-02-02 21:42:00,73.76,16.8
2026-02-02 21:43:00,73.58,16.9
2026-02-02 21:44:00,73.58,16.9
2026-02-02 21:45:00,73.4,17
2026-02-02 21:46:00,73.4,17
2026-02-02 21:47:00,73.22,17
2026-02-02 21:48:00,73.22,17.1
2026-02-02 21:49:00,73.04,17.2
2026-02-02 21:50:00,73.04,17.1
2026-02-02 21:51:00,72.86,17.1
2026-02-02 21:52:00,72.68,17.2
2026-02-02 21:53:00,72.68,17.2
2026-02-02 21:54:00,72.68,17.2
2026-02-02 21:55:00,72.5,17.3
2026-02-02 21:56:00,72.5,17.3
2026-02-02 21:57:00,72.32,17.2
2026-02-02 21:58:00,72.14,17.2
2026-02-02 21:59:00,72.14,17.3
2026-02-02 22:00:00,71.96,17.3
2026-02-02 22:01:00,71.78,17.4
2026-02-02 22:02:00,71.78,17.4
2026-02-02 22:03:00,71.78,17.5
2026-02-02 22:04:00,71.6,17.5
2026-02-02 22:05:00,71.42,17.7
2026-02-02 22:06:00,71.42,17.7
2026-02-02 22:07:00,71.42,17.7
2026-02-02 22:08:00,71.42,17.8
2026-02-02 22:09:00,71.42,17.8
2026-02-02 22:10:00,71.42,17.8
2026-02-02 22:11:00,71.42,17.8
2026-02-02 22:12:00,71.42,17.8
2026-02-02 22:13:00,71.42,17.8
2026-02-02 22:14:00,71.42,17.9
2026-02-02 22:15:00,71.42,17.8
2026-02-02 22:16:00,71.42,17.8
2026-02-02 22:17:00,71.42,17.8
2026-02-02 22:18:00,71.42,17.9
2026-02-02 22:19:00,71.42,17.8
2026-02-02 22:20:00,71.42,17.9
2026-02-02 22:21:00,71.42,17.9
2026-02-02 22:22:00,71.42,17.9
2026-02-02 22:23:00,71.42,17.9
2026-02-02 22:24:00,71.42,17.9
2026-02-02 22:25:00,71.24,17.9
2026-02-02 22:26:00,71.24,17.9
2026-02-02 22:27:00,71.24,18
2026-02-02 22:28:00,71.24,17.9
2026-02-02 22:29:00,71.24,17.8
2026-02-02 22:30:00,71.06,17.5
2026-02-02 22:31:00,71.06,17.5
2026-02-02 22:32:00,70.88,17.5
2026-02-02 22:33:00,70.88,17.5
2026-02-02 22:34:00,70.7,17.8
2026-02-02 22:35:00,70.7,17.8
2026-02-02 22:36:00,70.7,17.9
2026-02-02 22:37:00,70.7,18
2026-02-02 22:38:00,70.7,18
2026-02-02 22:39:00,70.7,18.1
2026-02-02 22:40:00,70.7,18.1
2026-02-02 22:41:00,70.7,18.1
2026-02-02 22:42:00,70.7,18.2
2026-02-02 22:43:00,70.7,18.2
2026-02-02 22:44:00,70.7,18.2
2026-02-02 22:45:00,70.7,18.2
2026-02-02 22:46:00,70.52,18.2
2026-02-02 22:47:00,70.52,18.2
2026-02-02 22:48:00,70.52,18.2
2026-02-02 22:49:00,70.52,18.2
2026-02-02 22:50:00,70.52,18.2
2026-02-02 22:51:00,70.52,18.2
2026-02-02 22:52:00,70.52,18.2
2026-02-02 22:53:00,70.52,18.2
2026-02-02 22:54:00,70.52,18.2
2026-02-02 22:55:00,70.52,18.2
2026-02-02 22:56:00,70.34,18.2
2026-02-02 22:57:00,70.34,18.3
2026-02-02 22:58:00,70.34,18.3
2026-02-02 22:59:00,70.34,18.3
2026-02-02 23:00:00,70.34,18.3
2026-02-02 23:01:00,70.34,18.3
2026-02-02 23:02:00,70.34,18.3
2026-02-02 23:03:00,70.16,18.3
2026-02-02 23:04:00,70.16,18.3
2026-02-02 23:05:00,70.16,18.3
2026-02-02 23:06:00,70.16,18.3
2026-02-02 23:07:00,70.16,18.3
2026-02-02 23:08:00,70.16,18.4
2026-02-02 23:09:00,70.16,18.4
2026-02-02 23:10:00,70.16,18.4
2026-02-02 23:11:00,69.98,18.4
2026-02-02 23:12:00,69.98,18.4
2026-02-02 23:13:00,69.98,18.4
2026-02-02 23:14:00,69.98,18.4
2026-02-02 23:15:00,69.98,18.4
2026-02-02 23:16:00,69.98,18.4
2026-02-02 23:17:00,69.98,18.4
2026-02-02 23:18:00,69.98,18.4
2026-02-02 23:19:00,69.98,18.4
2026-02-02 23:20:00,69.98,18.5
2026-02-02 23:21:00,69.8,18.5
2026-02-02 23:22:00,69.8,18.5
2026-02-02 23:23:00,69.8,18.5
2026-02-02 23:24:00,69.8,18.5
2026-02-02 23:25:00,69.8,18.5
2026-02-02 23:26:00,69.8,18.5
2026-02-02 23:27:00,69.8,18.5
2026-02-02 23:28:00,69.8,18.6
2026-02-02 23:29:00,69.8,18.5
2026-02-02 23:30:00,69.62,18.6
2026-02-02 23:31:00,69.62,18.6
2026-02-02 23:32:00,69.62,18.6
2026-02-02 23:33:00,69.62,18.6
2026-02-02 23:34:00,69.62,18.6
2026-02-02 23:35:00,69.62,18.6
2026-02-02 23:36:00,69.62,18.6
2026-02-02 23:37:00,69.62,18.6
2026-02-02 23:38:00,69.62,18.6
2026-02-02 23:39:00,69.44,18.7
2026-02-02 23:40:00,69.44,18.7
2026-02-02 23:41:00,69.44,18.7
2026-02-02 23:42:00,69.44,18.7
2026-02-02 23:43:00,69.44,18.7
2026-02-02 23:44:00,69.44,18.7
2026-02-02 23:45:00,69.26,18.7
2026-02-02 23:46:00,69.26,18.7
2026-02-02 23:47:00,69.26,18.7
2026-02-02 23:48:00,69.26,18.7
2026-02-02 23:49:00,69.26,18.7
2026-02-02 23:50:00,69.26,18.7
2026-02-02 23:51:00,69.26,18.7
2026-02-02 23:52:00,69.26,18.7
2026-02-02 23:53:00,69.08,18.7
2026-02-02 23:54:00,69.08,18.8
2026-02-02 23:55:00,69.08,18.8
2026-02-02 23:56:00,69.08,18.8
2026-02-02 23:57:00,69.08,18.8
2026-02-02 23:58:00,69.08,18.9
2026-02-02 23:59:00,69.08,18.9
2026-02-03 00:00:00,69.08,18.9
2026-02-03 00:01:00,69.08,18.9
2026-02-03 00:02:00,69.08,18.9
2026-02-03 00:03:00,68.9,18.9
2026-02-03 00:04:00,68.9,18.9
2026-02-03 00:05:00,68.9,18.9
2026-02-03 00:06:00,68.9,18.9
2026-02-03 00:07:00,68.9,18.9
2026-02-03 00:08:00,68.9,19
2026-02-03 00:09:00,68.9,19
2026-02-03 00:10:00,68.72,19
2026-02-03 00:11:00,68.72,19
2026-02-03 00:12:00,68.72,19
2026-02-03 00:13:00,68.72,19
2026-02-03 00:14:00,68.72,19
2026-02-03 00:15:00,68.72,19
2026-02-03 00:16:00,68.72,19.1
2026-02-03 00:17:00,68.72,19.1
2026-02-03 00:18:00,68.54,19.1
2026-02-03 00:19:00,68.54,19.1
2026-02-03 00:20:00,68.54,19.1
2026-02-03 00:21:00,68.54,19.1
2026-02-03 00:22:00,68.54,19.1
2026-02-03 00:23:00,68.54,19.1
2026-02-03 00:24:00,68.54,19.1
2026-02-03 00:25:00,68.36,19.1
2026-02-03 00:26:00,68.36,19.1
2026-02-03 00:27:00,68.36,19.1
2026-02-03 00:28:00,68.36,19.1
2026-02-03 00:29:00,68.36,19.1
2026-02-03 00:30:00,68.36,19.1
2026-02-03 00:31:00,68.36,19.2
2026-02-03 00:32:00,68.36,19.2
2026-02-03 00:33:00,68.18,19.2
2026-02-03 00:34:00,68.18,19.2
2026-02-03 00:35:00,68.18,19.2
2026-02-03 00:36:00,68.18,19.2
2026-02-03 00:37:00,68.18,19.2
2026-02-03 00:38:00,68.18,19.2
2026-02-03 00:39:00,68.18,19.3
2026-02-03 00:40:00,68.18,19.3
2026-02-03 00:41:00,68.18,19.3
2026-02-03 00:42:00,68.18,19.3
2026-02-03 00:43:00,68,19.3
2026-02-03 00:44:00,68,19.3
2026-02-03 00:45:00,68,19.3
2026-02-03 00:46:00,68,19.3
2026-02-03 00:47:00,68,19.4
2026-02-03 00:48:00,68,19.4
2026-02-03 00:49:00,68,19.4
2026-02-03 00:50:00,68,19.4
2026-02-03 00:51:00,68,19.4
2026-02-03 00:52:00,68,19.4
2026-02-03 00:53:00,67.82,19.5
2026-02-03 00:54:00,67.82,19.5
2026-02-03 00:55:00,67.82,19.5
2026-02-03 00:56:00,67.82,19.6
2026-02-03 00:57:00,67.82,19.6
2026-02-03 00:58:00,67.82,19.6
2026-02-03 00:59:00,67.82,19.6
2026-02-03 01:00:00,67.82,19.7
2026-02-03 01:01:00,67.64,19.7
2026-02-03 01:02:00,67.64,19.7
2026-02-03 01:03:00,67.64,19.8
2026-02-03 01:04:00,67.64,19.8
2026-02-03 01:05:00,67.64,19.8
2026-02-03 01:06:00,67.64,19.8
2026-02-03 01:07:00,67.64,19.8
2026-02-03 01:08:00,67.64,19.8
2026-02-03 01:09:00,67.64,19.9
2026-02-03 01:10:00,67.46,19.9
2026-02-03 01:11:00,67.46,19.9
2026-02-03 01:12:00,67.46,19.9
2026-02-03 01:13:00,67.46,19.9
2026-02-03 01:14:00,67.46,19.9
2026-02-03 01:15:00,67.46,20
2026-02-03 01:16:00,67.46,20
2026-02-03 01:17:00,67.46,20
2026-02-03 01:18:00,67.46,20
2026-02-03 01:19:00,67.46,20.1
2026-02-03 01:20:00,67.46,20.1
2026-02-03 01:21:00,67.28,20.1
2026-02-03 01:22:00,67.28,20.1
2026-02-03 01:23:00,67.28,20.2
2026-02-03 01:24:00,67.28,20.2
2026-02-03 01:25:00,67.28,20.2
2026-02-03 01:26:00,67.28,20.2
2026-02-03 01:27:00,67.28,20.2
2026-02-03 01:28:00,67.28,20.2
2026-02-03 01:29:00,67.28,20.2
2026-02-03 01:30:00,67.28,20.3
2026-02-03 01:31:00,67.28,20.3
2026-02-03 01:32:00,67.28,20.1
2026-02-03 01:33:00,67.28,20.1
2026-02-03 01:34:00,67.28,20.1
2026-02-03 01:35:00,67.28,20.2
2026-02-03 01:36:00,67.28,20.1
2026-02-03 01:37:00,67.28,20
2026-02-03 01:38:00,67.28,20
2026-02-03 01:39:00,67.46,19.9
2026-02-03 01:40:00,67.46,19.8
2026-02-03 01:41:00,67.64,19.8
2026-02-03 01:42:00,67.64,19.6
2026-02-03 01:43:00,67.64,19.6
2026-02-03 01:44:00,67.82,19.6
2026-02-03 01:45:00,67.82,19.5
2026-02-03 01:46:00,68,19.5
2026-02-03 01:47:00,68,19.5
2026-02-03 01:48:00,68,19.5
2026-02-03 01:49:00,68.18,19.4
2026-02-03 01:50:00,68.18,19.3
2026-02-03 01:51:00,68.18,19.3
2026-02-03 01:52:00,68.36,19.2
2026-02-03 01:53:00,68.36,19.3
2026-02-03 01:54:00,68.54,19.2
2026-02-03 01:55:00,68.54,19.2
2026-02-03 01:56:00,68.72,19.2
2026-02-03 01:57:00,68.72,19.1
2026-02-03 01:58:00,68.72,19.2
2026-02-03 01:59:00,68.9,19.1
2026-02-03 02:00:00,68.9,19.1
2026-02-03 02:01:00,69.08,19.1
2026-02-03 02:02:00,69.08,19.1
2026-02-03 02:03:00,69.08,19.1
2026-02-03 02:04:00,69.26,19
2026-02-03 02:05:00,69.26,19
2026-02-03 02:06:00,69.26,19
2026-02-03 02:07:00,69.44,19
2026-02-03 02:08:00,69.44,19
2026-02-03 02:09:00,69.44,18.8
2026-02-03 02:10:00,69.62,18.9
2026-02-03 02:11:00,69.62,18.8
2026-02-03 02:12:00,69.8,18.8
2026-02-03 02:13:00,69.8,18.8
2026-02-03 02:14:00,69.8,18.8
2026-02-03 02:15:00,69.98,18.8
2026-02-03 02:16:00,69.98,18.8
2026-02-03 02:17:00,69.98,18.8
2026-02-03 02:18:00,69.98,18.7
2026-02-03 02:19:00,70.16,18.7
2026-02-03 02:20:00,70.16,18.7
2026-02-03 02:21:00,70.34,18.6
2026-02-03 02:22:00,70.34,18.5
2026-02-03 02:23:00,70.34,18.5
2026-02-03 02:24:00,70.34,18.5
2026-02-03 02:25:00,70.52,18.3
2026-02-03 02:26:00,70.52,18.3
2026-02-03 02:27:00,70.52,18.2
2026-02-03 02:28:00,70.52,18.2
2026-02-03 02:29:00,70.52,18.2
2026-02-03 02:30:00,70.52,18.1
2026-02-03 02:31:00,70.52,18.2
2026-02-03 02:32:00,70.52,18.1
2026-02-03 02:33:00,70.34,18.1
2026-02-03 02:34:00,70.34,18.2
2026-02-03 02:35:00,70.34,18.2
2026-02-03 02:36:00,70.34,18.2
2026-02-03 02:37:00,70.34,18.2
2026-02-03 02:38:00,70.34,18.2
2026-02-03 02:39:00,70.34,18.3
2026-02-03 02:40:00,70.16,18.3
2026-02-03 02:41:00,70.16,18.4
2026-02-03 02:42:00,70.16,18.4
2026-02-03 02:43:00,70.16,18.4
2026-02-03 02:44:00,69.98,18.4
2026-02-03 02:45:00,69.98,18.5
2026-02-03 02:46:00,69.98,18.6
2026-02-03 02:47:00,69.98,18.6
2026-02-03 02:48:00,69.98,18.6
2026-02-03 02:49:00,69.98,18.7
2026-02-03 02:50:00,69.8,18.7
2026-02-03 02:51:00,69.8,18.7
2026-02-03 02:52:00,69.8,18.7
2026-02-03 02:53:00,69.8,18.8
2026-02-03 02:54:00,69.62,18.8
2026-02-03 02:55:00,69.62,18.8
2026-02-03 02:56:00,69.62,18.8
2026-02-03 02:57:00,69.62,18.9
2026-02-03 02:58:00,69.44,18.9
2026-02-03 02:59:00,69.44,18.9
2026-02-03 03:00:00,69.44,18.9
2026-02-03 03:01:00,69.44,19
2026-02-03 03:02:00,69.44,19
2026-02-03 03:03:00,69.26,19
2026-02-03 03:04:00,69.26,19
2026-02-03 03:05:00,69.26,19
2026-02-03 03:06:00,69.26,19
2026-02-03 03:07:00,69.26,19.1
2026-02-03 03:08:00,69.26,19
2026-02-03 03:09:00,69.26,19.1
2026-02-03 03:10:00,69.44,18.9
2026-02-03 03:11:00,69.44,18.9
2026-02-03 03:12:00,69.44,18.8
2026-02-03 03:13:00,69.44,18.8
2026-02-03 03:14:00,69.62,18.7
2026-02-03 03:15:00,69.62,18.7
2026-02-03 03:16:00,69.62,18.7
2026-02-03 03:17:00,69.8,18.7
2026-02-03 03:18:00,69.8,18.6
2026-02-03 03:19:00,69.8,18.6
2026-02-03 03:20:00,69.8,18.6
2026-02-03 03:21:00,69.98,18.7
2026-02-03 03:22:00,69.98,18.6
2026-02-03 03:23:00,69.98,18.5
2026-02-03 03:24:00,69.98,18.4
2026-02-03 03:25:00,70.16,18.5
2026-02-03 03:26:00,70.16,18.5
2026-02-03 03:27:00,70.34,18.5
2026-02-03 03:28:00,70.34,18.4
2026-02-03 03:29:00,70.34,18.4
2026-02-03 03:30:00,70.34,18.4
2026-02-03 03:31:00,70.52,18.4
2026-02-03 03:32:00,70.52,18.4
2026-02-03 03:33:00,70.7,18.3
2026-02-03 03:34:00,70.7,18.3
2026-02-03 03:35:00,70.7,18.3
2026-02-03 03:36:00,70.7,18.3
2026-02-03 03:37:00,70.88,18.2
2026-02-03 03:38:00,70.88,18.2
2026-02-03 03:39:00,70.88,18.2
2026-02-03 03:40:00,70.88,18.2
2026-02-03 03:41:00,70.88,18.1
2026-02-03 03:42:00,71.06,18.2
2026-02-03 03:43:00,71.06,18.2
2026-02-03 03:44:00,71.06,18.1
2026-02-03 03:45:00,71.06,18
2026-02-03 03:46:00,71.06,18
2026-02-03 03:47:00,71.06,18
2026-02-03 03:48:00,70.88,18
2026-02-03 03:49:00,70.88,18
2026-02-03 03:50:00,70.88,18
2026-02-03 03:51:00,70.88,18
2026-02-03 03:52:00,70.88,18
2026-02-03 03:53:00,70.88,18
2026-02-03 03:54:00,70.88,18
2026-02-03 03:55:00,70.88,18
2026-02-03 03:56:00,70.88,18.1
2026-02-03 03:57:00,70.7,18
2026-02-03 03:58:00,70.7,18.1
2026-02-03 03:59:00,70.7,18
2026-02-03 04:00:00,70.7,18.2
2026-02-03 04:01:00,70.52,18.2
2026-02-03 04:02:00,70.52,18.2
2026-02-03 04:03:00,70.52,18.2
2026-02-03 04:04:00,70.34,18.3
2026-02-03 04:05:00,70.34,18.3
2026-02-03 04:06:00,70.34,18.3
2026-02-03 04:07:00,70.34,18.4
2026-02-03 04:08:00,70.34,18.4
2026-02-03 04:09:00,70.16,18.3
2026-02-03 04:10:00,70.16,18.4
2026-02-03 04:11:00,70.16,18.5
2026-02-03 04:12:00,70.16,18.5
2026-02-03 04:13:00,70.16,18.6
2026-02-03 04:14:00,70.16,18.6
2026-02-03 04:15:00,70.16,18.5
2026-02-03 04:16:00,70.16,18.5
2026-02-03 04:17:00,70.16,18.5
2026-02-03 04:18:00,70.34,18.4
2026-02-03 04:19:00,70.34,18.4
2026-02-03 04:20:00,70.34,18.4
2026-02-03 04:21:00,70.34,18.4
2026-02-03 04:22:00,70.52,18.3
2026-02-03 04:23:00,70.52,18.3
2026-02-03 04:24:00,70.52,18.3
2026-02-03 04:25:00,70.7,18.2
2026-02-03 04:26:00,70.7,18.2
2026-02-03 04:27:00,70.7,18.2
2026-02-03 04:28:00,70.88,18.3
2026-02-03 04:29:00,70.88,18.2
2026-02-03 04:30:00,70.88,18.2
2026-02-03 04:31:00,70.88,18.2
2026-02-03 04:32:00,70.88,18.2
2026-02-03 04:33:00,71.06,18.2
2026-02-03 04:34:00,71.06,18.2
2026-02-03 04:35:00,71.06,18.1
2026-02-03 04:36:00,71.24,18.1
2026-02-03 04:37:00,71.24,18.2
2026-02-03 04:38:00,71.24,18.1
2026-02-03 04:39:00,71.42,18.1
2026-02-03 04:40:00,71.42,18.1
2026-02-03 04:41:00,71.42,18.1
2026-02-03 04:42:00,71.42,18.1
2026-02-03 04:43:00,71.6,18
2026-02-03 04:44:00,71.6,18
2026-02-03 04:45:00,71.78,18
2026-02-03 04:46:00,71.78,18
2026-02-03 04:47:00,71.78,18
2026-02-03 04:48:00,71.78,18
2026-02-03 04:49:00,71.78,18
2026-02-03 04:50:00,71.78,18
2026-02-03 04:51:00,71.96,18
2026-02-03 04:52:00,71.96,18
2026-02-03 04:53:00,71.96,17.9
2026-02-03 04:54:00,72.14,17.9
2026-02-03 04:55:00,72.14,17.9
2026-02-03 04:56:00,72.14,17.9
2026-02-03 04:57:00,72.32,17.9
2026-02-03 04:58:00,72.32,17.9
2026-02-03 04:59:00,72.32,17.8
2026-02-03 05:00:00,72.32,17.9
2026-02-03 05:01:00,72.5,17.9
2026-02-03 05:02:00,72.5,17.8
2026-02-03 05:03:00,72.5,17.8
2026-02-03 05:04:00,72.68,17.8
2026-02-03 05:05:00,72.68,17.8
2026-02-03 05:06:00,72.68,17.8
2026-02-03 05:07:00,72.68,17.8
2026-02-03 05:08:00,72.68,17.7
2026-02-03 05:09:00,72.86,17.7
2026-02-03 05:10:00,73.04,17.6
2026-02-03 05:11:00,73.04,17.5
2026-02-03 05:12:00,73.22,17.5
2026-02-03 05:13:00,73.22,17.5
2026-02-03 05:14:00,73.4,17.5
2026-02-03 05:15:00,73.4,17.4
2026-02-03 05:16:00,73.58,17.4
2026-02-03 05:17:00,73.58,17.4
2026-02-03 05:18:00,73.58,17.3
2026-02-03 05:19:00,73.76,17.3
2026-02-03 05:20:00,73.76,17.3
2026-02-03 05:21:00,73.94,17.2
2026-02-03 05:22:00,74.12,17.2
2026-02-03 05:23:00,74.12,17.2
2026-02-03 05:24:00,74.12,17.2
2026-02-03 05:25:00,74.3,17.2
2026-02-03 05:26:00,74.3,17.1
2026-02-03 05:27:00,74.48,17.1
2026-02-03 05:28:00,74.48,17.1
2026-02-03 05:29:00,74.48,17.1
2026-02-03 05:30:00,74.66,17
2026-02-03 05:31:00,74.66,17
2026-02-03 05:32:00,74.84,17
2026-02-03 05:33:00,74.84,17
2026-02-03 05:34:00,75.02,17
2026-02-03 05:35:00,75.02,17
2026-02-03 05:36:00,75.2,17
2026-02-03 05:37:00,75.2,17
2026-02-03 05:38:00,75.38,16.9
2026-02-03 05:39:00,75.38,16.9
2026-02-03 05:40:00,75.38,16.9
2026-02-03 05:41:00,75.56,16.9
2026-02-03 05:42:00,75.56,16.9
2026-02-03 05:43:00,75.74,16.9
2026-02-03 05:44:00,75.74,16.9
2026-02-03 05:45:00,75.92,16.8
2026-02-03 05:46:00,75.92,16.8
2026-02-03 05:47:00,75.92,16.8
2026-02-03 05:48:00,76.1,16.8
2026-02-03 05:49:00,76.1,16.8
2026-02-03 05:50:00,76.28,16.8
2026-02-03 05:51:00,76.28,16.8
2026-02-03 05:52:00,76.28,16.8
2026-02-03 05:53:00,76.46,16.7
2026-02-03 05:54:00,76.46,16.7
2026-02-03 05:55:00,76.46,16.7
2026-02-03 05:56:00,76.64,16.7
2026-02-03 05:57:00,76.64,16.7
2026-02-03 05:58:00,76.82,16.7
2026-02-03 05:59:00,76.82,16.7
2026-02-03 06:00:00,76.82,16.7
2026-02-03 06:01:00,77,16.7
2026-02-03 06:02:00,77,16.7
2026-02-03 06:03:00,77.18,16.6
2026-02-03 06:04:00,77.18,16.7
2026-02-03 06:05:00,77.18,16.7
2026-02-03 06:06:00,77.18,16.7
2026-02-03 06:07:00,77.36,16.7
2026-02-03 06:08:00,77.36,16.7
2026-02-03 06:09:00,77.54,16.7
2026-02-03 06:10:00,77.54,16.7
2026-02-03 06:11:00,77.54,16.7
2026-02-03 06:12:00,77.72,16.7
2026-02-03 06:13:00,77.72,16.7
2026-02-03 06:14:00,77.9,16.7
2026-02-03 06:15:00,77.9,16.7
2026-02-03 06:16:00,77.9,16.7
2026-02-03 06:17:00,78.08,16.7
2026-02-03 06:18:00,78.08,16.7
2026-02-03 06:19:00,78.08,16.6
2026-02-03 06:20:00,78.08,16.6
2026-02-03 06:21:00,78.26,16.6
2026-02-03 06:22:00,78.26,16.6
2026-02-03 06:23:00,78.26,16.6
2026-02-03 06:24:00,78.44,16.6
2026-02-03 06:25:00,78.44,16.6
2026-02-03 06:26:00,78.44,16.6
2026-02-03 06:27:00,78.62,16.5
2026-02-03 06:28:00,78.62,16.6
2026-02-03 06:29:00,78.8,16.6
2026-02-03 06:30:00,78.8,16.6
2026-02-03 06:31:00,78.98,16.5
2026-02-03 06:32:00,78.98,16.5
2026-02-03 06:33:00,78.98,16.6
2026-02-03 06:34:00,78.98,16.5
2026-02-03 06:35:00,78.98,16.5
2026-02-03 06:36:00,79.16,16.5
2026-02-03 06:37:00,79.16,16.5
2026-02-03 06:38:00,79.34,16.5
2026-02-03 06:39:00,79.34,16.5
2026-02-03 06:40:00,79.34,16.5
2026-02-03 06:41:00,79.52,16.5
2026-02-03 06:42:00,79.52,16.5
2026-02-03 06:43:00,79.52,16.5
2026-02-03 06:44:00,79.7,16.5
2026-02-03 06:45:00,79.7,16.5
2026-02-03 06:46:00,79.7,16.5
2026-02-03 06:47:00,78.98,16.5
2026-02-03 06:48:00,78.98,16.5
2026-02-03 06:49:00,79.16,16.5
2026-02-03 06:50:00,79.16,16.5
2026-02-03 06:51:00,79.34,16.5
2026-02-03 06:52:00,79.34,16.5
2026-02-03 06:53:00,79.34,16.5
2026-02-03 06:54:00,79.52,16.5
2026-02-03 06:55:00,79.52,16.5
2026-02-03 06:56:00,79.52,16.5
2026-02-03 06:57:00,79.7,16.5
2026-02-03 06:58:00,79.7,16.5
2026-02-03 06:59:00,79.7,16.5
2026-02-03 07:00:00,79.88,16.5
2026-02-03 07:01:00,79.88,16.5
2026-02-03 07:02:00,79.88,16.5
2026-02-03 07:03:00,79.88,16.4
2026-02-03 07:04:00,79.88,16.5
2026-02-03 07:05:00,80.06,16.5
2026-02-03 07:06:00,80.06,16.5
2026-02-03 07:07:00,80.06,16.5
2026-02-03 07:08:00,80.06,16.6
2026-02-03 07:09:00,80.06,16.6
2026-02-03 07:10:00,80.06,16.6
2026-02-03 07:11:00,80.06,16.6
2026-02-03 07:12:00,80.06,16.6
2026-02-03 07:13:00,80.06,16.7
2026-02-03 07:14:00,80.06,16.7
2026-02-03 07:15:00,80.06,16.7
2026-02-03 07:16:00,80.06,16.7
2026-02-03 07:17:00,80.24,16.7
2026-02-03 07:18:00,80.06,16.8
2026-02-03 07:19:00,80.06,16.8
2026-02-03 07:20:00,80.06,16.8
2026-02-03 07:21:00,80.06,16.8
2026-02-03 07:22:00,80.06,16.8
2026-02-03 07:23:00,80.06,16.8
2026-02-03 07:24:00,80.06,16.8
2026-02-03 07:25:00,79.88,16.9
2026-02-03 07:26:00,79.88,17.1
2026-02-03 07:27:00,79.88,17.5
2026-02-03 07:28:00,79.7,17.4
2026-02-03 07:29:00,79.7,17.5
2026-02-03 07:30:00,79.52,17.5
2026-02-03 07:31:00,79.52,17.5
2026-02-03 07:32:00,79.34,17.6
2026-02-03 07:33:00,79.34,17.7
2026-02-03 07:34:00,79.16,17.7
2026-02-03 07:35:00,79.16,17.7
2026-02-03 07:36:00,78.98,17
2026-02-03 07:37:00,78.8,16.9
2026-02-03 07:38:00,78.62,16.9
2026-02-03 07:39:00,78.62,17
2026-02-03 07:40:00,78.44,17.1
2026-02-03 07:41:00,78.44,17.2
2026-02-03 07:42:00,78.44,17.3
2026-02-03 07:43:00,78.44,17.3
2026-02-03 07:44:00,78.44,17.4
2026-02-03 07:45:00,78.44,17.5
2026-02-03 07:46:00,78.44,17.5
2026-02-03 07:47:00,78.62,17.5
2026-02-03 07:48:00,78.44,17.6
2026-02-03 07:49:00,78.44,17.5
2026-02-03 07:50:00,78.62,17.5
2026-02-03 07:51:00,78.62,17.5
2026-02-03 07:52:00,78.62,17.5
2026-02-03 07:53:00,78.62,17.5
2026-02-03 07:54:00,78.62,17.5
2026-02-03 07:55:00,78.62,17.4
2026-02-03 07:56:00,78.62,17.4
2026-02-03 07:57:00,78.62,17.4
2026-02-03 07:58:00,78.62,17.4
2026-02-03 07:59:00,78.62,17.3
2026-02-03 08:00:00,78.62,17.3
2026-02-03 08:01:00,78.62,17.3
2026-02-03 08:02:00,78.62,17.2
2026-02-03 08:03:00,78.8,17.3
2026-02-03 08:04:00,78.8,17.2
2026-02-03 08:05:00,78.8,17.2
2026-02-03 08:06:00,78.8,17.2
2026-02-03 08:07:00,78.8,17.2
2026-02-03 08:08:00,78.8,17.1
2026-02-03 08:09:00,78.8,17.1
2026-02-03 08:10:00,78.8,17.1
2026-02-03 08:11:00,78.8,17
2026-02-03 08:12:00,78.98,17
2026-02-03 08:13:00,78.8,17
2026-02-03 08:14:00,78.98,17
2026-02-03 08:15:00,78.98,17
2026-02-03 08:16:00,78.98,17
2026-02-03 08:17:00,78.98,16.9
2026-02-03 08:18:00,78.98,16.9
2026-02-03 08:19:00,78.98,16.9
2026-02-03 08:20:00,78.98,16.8
2026-02-03 08:21:00,78.98,16.8
2026-02-03 08:22:00,78.8,16.8
2026-02-03 08:23:00,78.8,16.7
2026-02-03 08:24:00,78.62,16.8
2026-02-03 08:25:00,78.62,16.8
2026-02-03 08:26:00,78.62,16.8
2026-02-03 08:27:00,78.44,16.8
2026-02-03 08:28:00,78.44,16.9
2026-02-03 08:29:00,78.26,16.8
2026-02-03 08:30:00,78.26,16.9
2026-02-03 08:31:00,78.08,16.8
2026-02-03 08:32:00,78.08,16.9
2026-02-03 08:33:00,78.08,16.9
2026-02-03 08:34:00,78.08,16.9
2026-02-03 08:35:00,77.9,16.9
2026-02-03 08:36:00,77.9,16.9
2026-02-03 08:37:00,77.72,16.9
2026-02-03 08:38:00,77.72,16.9
2026-02-03 08:39:00,77.72,16.9
2026-02-03 08:40:00,77.54,16.9
2026-02-03 08:41:00,77.36,16.9
2026-02-03 08:42:00,77.36,16.9
2026-02-03 08:43:00,77.36,16.9
2026-02-03 08:44:00,77.18,16.9
2026-02-03 08:45:00,77.18,16.9
2026-02-03 08:46:00,77.18,16.9
2026-02-03 08:47:00,77,17
2026-02-03 08:48:00,77,17
2026-02-03 08:49:00,76.82,17
2026-02-03 08:50:00,76.82,16.9
2026-02-03 08:51:00,76.82,16.9
2026-02-03 08:52:00,76.82,16.9
2026-02-03 08:53:00,76.82,17
2026-02-03 08:54:00,76.82,17
2026-02-03 08:55:00,76.82,17
2026-02-03 08:56:00,76.82,17
2026-02-03 08:57:00,76.82,17
2026-02-03 08:58:00,76.82,17
2026-02-03 08:59:00,76.82,17
2026-02-03 09:00:00,76.82,17
2026-02-03 09:01:00,77,16.9
2026-02-03 09:02:00,77,16.9
2026-02-03 09:03:00,77,16.9
2026-02-03 09:04:00,77,16.9
2026-02-03 09:05:00,77,16.9
2026-02-03 09:06:00,77.18,16.8
2026-02-03 09:07:00,77.18,16.8
2026-02-03 09:08:00,77.18,16.8
2026-02-03 09:09:00,77.18,16.8
2026-02-03 09:10:00,77.18,16.8
2026-02-03 09:11:00,77.18,16.7
2026-02-03 09:12:00,77.18,16.7
2026-02-03 09:13:00,77.18,16.7
2026-02-03 09:14:00,77.18,16.7
2026-02-03 09:15:00,77.18,16.6
2026-02-03 09:16:00,77.18,16.6
2026-02-03 09:17:00,77.18,16.6
2026-02-03 09:18:00,77.18,16.6
2026-02-03 09:19:00,77.18,16.6
2026-02-03 09:20:00,77.18,16.6
2026-02-03 09:21:00,77,16.7
2026-02-03 09:22:00,77,16.7
2026-02-03 09:23:00,77,16.7
2026-02-03 09:24:00,76.82,16.7
2026-02-03 09:25:00,76.82,16.7
2026-02-03 09:26:00,76.82,16.7
2026-02-03 09:27:00,76.82,16.7
2026-02-03 09:28:00,76.64,16.7
2026-02-03 09:29:00,76.64,16.7
2026-02-03 09:30:00,76.64,16.7
2026-02-03 09:31:00,76.46,16.7
2026-02-03 09:32:00,76.46,16.7
2026-02-03 09:33:00,76.46,16.7
2026-02-03 09:34:00,76.28,16.7
2026-02-03 09:35:00,76.28,16.7
2026-02-03 09:36:00,76.28,16.8
2026-02-03 09:37:00,76.28,16.8
2026-02-03 09:38:00,76.1,16.8
2026-02-03 09:39:00,76.1,16.8
2026-02-03 09:40:00,76.1,16.8
2026-02-03 09:41:00,75.92,16.8
2026-02-03 09:42:00,75.92,16.8
2026-02-03 09:43:00,75.92,16.8
2026-02-03 09:44:00,75.92,16.8
2026-02-03 09:45:00,75.74,16.8
2026-02-03 09:46:00,75.74,16.8
2026-02-03 09:47:00,75.74,16.8
2026-02-03 09:48:00,75.74,16.8
2026-02-03 09:49:00,75.74,16.8
2026-02-03 09:50:00,75.74,16.8
2026-02-03 09:51:00,75.74,16.8
2026-02-03 09:52:00,75.74,16.8
2026-02-03 09:53:00,75.74,16.8
2026-02-03 09:54:00,75.74,16.8
2026-02-03 09:55:00,75.74,16.8
2026-02-03 09:56:00,75.92,16.8
2026-02-03 09:57:00,75.92,16.8
2026-02-03 09:58:00,75.92,16.8
2026-02-03 09:59:00,75.92,16.8
2026-02-03 10:00:00,76.1,16.7
2026-02-03 10:01:00,76.1,16.7
2026-02-03 10:02:00,76.1,16.7
2026-02-03 10:03:00,76.1,16.7
2026-02-03 10:04:00,76.1,16.7
2026-02-03 10:05:00,76.28,16.6
2026-02-03 10:06:00,76.28,16.6
2026-02-03 10:07:00,76.28,16.6
2026-02-03 10:08:00,76.28,16.6
2026-02-03 10:09:00,76.28,16.6
2026-02-03 10:10:00,76.28,16.5
2026-02-03 10:11:00,76.46,16.5
2026-02-03 10:12:00,76.46,16.5
2026-02-03 10:13:00,76.46,16.5
2026-02-03 10:14:00,76.46,16.5
2026-02-03 10:15:00,76.64,16.5
2026-02-03 10:16:00,76.64,16.5
2026-02-03 10:17:00,76.64,16.4
2026-02-03 10:18:00,76.82,16.4
2026-02-03 10:19:00,76.82,16.5
2026-02-03 10:20:00,76.82,16.4
2026-02-03 10:21:00,76.82,16.4
2026-02-03 10:22:00,77,16.4
2026-02-03 10:23:00,77,16.4
2026-02-03 10:24:00,77,16.4
2026-02-03 10:25:00,77,16.4
2026-02-03 10:26:00,77.18,16.4
2026-02-03 10:27:00,77.18,16.4
2026-02-03 10:28:00,77.18,16.4
2026-02-03 10:29:00,77.18,16.4
2026-02-03 10:30:00,77.18,16.4
2026-02-03 10:31:00,77.36,16.4
2026-02-03 10:32:00,77.18,16.4
2026-02-03 10:33:00,77.18,16.4
2026-02-03 10:34:00,77.18,16.4
2026-02-03 10:35:00,77.18,16.4
2026-02-03 10:36:00,77.18,16.4
2026-02-03 10:37:00,77.18,16.4
2026-02-03 10:38:00,77.18,16.4
2026-02-03 10:39:00,77,16.4
2026-02-03 10:40:00,77,16.5
2026-02-03 10:41:00,77,16.5
2026-02-03 10:42:00,76.82,16.5
2026-02-03 10:43:00,76.82,16.5
2026-02-03 10:44:00,76.82,16.5
2026-02-03 10:45:00,76.64,16.5
2026-02-03 10:46:00,76.64,16.5
2026-02-03 10:47:00,76.46,16.5
2026-02-03 10:48:00,76.46,16.5
2026-02-03 10:49:00,76.46,16.6
2026-02-03 10:50:00,76.46,16.6
2026-02-03 10:51:00,76.28,16.6
2026-02-03 10:52:00,76.28,16.6
2026-02-03 10:53:00,76.28,16.6
2026-02-03 10:54:00,76.28,16.6
2026-02-03 10:55:00,76.28,16.6
2026-02-03 10:56:00,76.1,16.6
2026-02-03 10:57:00,76.1,16.6
2026-02-03 10:58:00,76.1,16.7
2026-02-03 10:59:00,75.92,16.7
2026-02-03 11:00:00,75.92,16.7
2026-02-03 11:01:00,75.92,16.7
2026-02-03 11:02:00,75.92,16.7
2026-02-03 11:03:00,75.74,16.7
2026-02-03 11:04:00,75.74,16.7
2026-02-03 11:05:00,75.74,16.7
2026-02-03 11:06:00,75.74,16.8
2026-02-03 11:07:00,75.56,16.7
2026-02-03 11:08:00,75.56,16.7
2026-02-03 11:09:00,75.56,16.8
2026-02-03 11:10:00,75.56,16.8
2026-02-03 11:11:00,75.56,16.8
2026-02-03 11:12:00,75.56,16.8
2026-02-03 11:13:00,75.56,16.8
2026-02-03 11:14:00,75.74,16.8
2026-02-03 11:15:00,75.74,16.8
2026-02-03 11:16:00,75.74,16.8
2026-02-03 11:17:00,75.74,16.7
2026-02-03 11:18:00,75.74,16.7
2026-02-03 11:19:00,75.74,16.7
2026-02-03 11:20:00,75.92,16.7
2026-02-03 11:21:00,75.92,16.7
2026-02-03 11:22:00,75.92,16.7
2026-02-03 11:23:00,75.92,16.7
2026-02-03 11:24:00,75.92,16.6
2026-02-03 11:25:00,76.1,16.6
2026-02-03 11:26:00,76.1,16.6
2026-02-03 11:27:00,76.1,16.6
2026-02-03 11:28:00,76.28,16.6
2026-02-03 11:29:00,76.28,16.6
2026-02-03 11:30:00,76.28,16.6
2026-02-03 11:31:00,76.28,16.6
2026-02-03 11:32:00,76.28,16.5
2026-02-03 11:33:00,76.28,16.5
2026-02-03 11:34:00,76.28,16.5
2026-02-03 11:35:00,76.46,16.5
2026-02-03 11:36:00,76.46,16.5
2026-02-03 11:37:00,76.46,16.5
2026-02-03 11:38:00,76.46,16.5
2026-02-03 11:39:00,76.64,16.5
2026-02-03 11:40:00,76.64,16.5
2026-02-03 11:41:00,76.46,16.4
2026-02-03 11:42:00,76.46,16.5
2026-02-03 11:43:00,76.46,16.5
2026-02-03 11:44:00,76.46,16.5
2026-02-03 11:45:00,76.28,16.5
2026-02-03 11:46:00,76.28,16.5
2026-02-03 11:47:00,76.28,16.5
2026-02-03 11:48:00,76.28,16.5
2026-02-03 11:49:00,76.28,16.6
2026-02-03 11:50:00,76.1,16.6
2026-02-03 11:51:00,76.1,16.6
2026-02-03 11:52:00,76.1,16.6
2026-02-03 11:53:00,76.1,16.6
2026-02-03 11:54:00,75.92,16.6
2026-02-03 11:55:00,75.92,16.6
2026-02-03 11:56:00,75.92,16.6
2026-02-03 11:57:00,75.92,16.6
2026-02-03 11:58:00,75.74,16.6
2026-02-03 11:59:00,75.74,16.6
2026-02-03 12:00:00,75.74,16.6
2026-02-03 12:01:00,75.56,16.7
2026-02-03 12:02:00,75.56,16.6
2026-02-03 12:03:00,75.56,16.7
2026-02-03 12:04:00,75.56,16.7
2026-02-03 12:05:00,75.56,16.7
2026-02-03 12:06:00,75.38,16.7
2026-02-03 12:07:00,75.38,16.7
2026-02-03 12:08:00,75.38,16.7
2026-02-03 12:09:00,75.38,16.7
2026-02-03 12:10:00,75.38,16.7
2026-02-03 12:11:00,75.2,16.8
2026-02-03 12:12:00,75.2,16.8
2026-02-03 12:13:00,75.2,16.8
2026-02-03 12:14:00,75.2,16.8
2026-02-03 12:15:00,75.02,16.8
2026-02-03 12:16:00,75.02,16.8
2026-02-03 12:17:00,75.02,16.8
2026-02-03 12:18:00,74.84,16.8
2026-02-03 12:19:00,74.84,16.8
2026-02-03 12:20:00,74.84,16.8
2026-02-03 12:21:00,74.84,16.8
2026-02-03 12:22:00,74.84,16.9
2026-02-03 12:23:00,74.66,16.8
2026-02-03 12:24:00,74.66,16.9
2026-02-03 12:25:00,74.66,16.9
2026-02-03 12:26:00,74.66,16.9
2026-02-03 12:27:00,74.48,16.9
2026-02-03 12:28:00,74.48,16.9
2026-02-03 12:29:00,74.48,16.9
2026-02-03 12:30:00,74.48,16.9
2026-02-03 12:31:00,74.48,16.9
2026-02-03 12:32:00,74.48,16.9
2026-02-03 12:33:00,74.3,16.9
2026-02-03 12:34:00,74.3,16.9
2026-02-03 12:35:00,74.3,16.9
2026-02-03 12:36:00,74.3,16.9
2026-02-03 12:37:00,74.3,16.9
2026-02-03 12:38:00,74.12,16.9
2026-02-03 12:39:00,74.12,16.9
2026-02-03 12:40:00,74.12,17
2026-02-03 12:41:00,74.12,17
2026-02-03 12:42:00,74.12,17
2026-02-03 12:43:00,73.94,17
2026-02-03 12:44:00,73.94,17
2026-02-03 12:45:00,73.94,17
2026-02-03 12:46:00,73.94,17
2026-02-03 12:47:00,73.94,17
2026-02-03 12:48:00,73.76,17
2026-02-03 12:49:00,73.76,17
2026-02-03 12:50:00,73.76,17
2026-02-03 12:51:00,73.76,17
2026-02-03 12:52:00,73.58,17.1
2026-02-03 12:53:00,73.58,17
2026-02-03 12:54:00,73.58,17
2026-02-03 12:55:00,73.58,17.1
2026-02-03 12:56:00,73.58,17
2026-02-03 12:57:00,73.58,17.1
2026-02-03 12:58:00,73.76,17
2026-02-03 12:59:00,73.76,17
2026-02-03 13:00:00,73.76,17
2026-02-03 13:01:00,73.76,17
2026-02-03 13:02:00,73.94,17
2026-02-03 13:03:00,73.94,16.9
2026-02-03 13:04:00,73.94,16.9
2026-02-03 13:05:00,74.12,17
2026-02-03 13:06:00,74.12,16.9
2026-02-03 13:07:00,74.12,16.9
2026-02-03 13:08:00,74.12,16.8
2026-02-03 13:09:00,74.3,16.8
2026-02-03 13:10:00,74.3,16.8
2026-02-03 13:11:00,74.3,16.8
2026-02-03 13:12:00,74.48,16.7
2026-02-03 13:13:00,74.48,16.7
2026-02-03 13:14:00,74.48,16.7
2026-02-03 13:15:00,74.48,16.7
2026-02-03 13:16:00,74.66,16.6
2026-02-03 13:17:00,74.66,16.6
2026-02-03 13:18:00,74.66,16.6
2026-02-03 13:19:00,74.84,16.6
2026-02-03 13:20:00,74.84,16.5
2026-02-03 13:21:00,74.84,16.5
2026-02-03 13:22:00,75.02,16.5
2026-02-03 13:23:00,75.02,16.5
2026-02-03 13:24:00,75.02,16.5
2026-02-03 13:25:00,75.2,16.4
2026-02-03 13:26:00,75.2,16.5
2026-02-03 13:27:00,75.2,16.4
2026-02-03 13:28:00,75.38,16.4
2026-02-03 13:29:00,75.38,16.4
2026-02-03 13:30:00,75.38,16.4
2026-02-03 13:31:00,75.38,16.4
2026-02-03 13:32:00,75.38,16.4
2026-02-03 13:33:00,75.38,16.3
2026-02-03 13:34:00,75.38,16.4
2026-02-03 13:35:00,75.38,16.4
2026-02-03 13:36:00,75.38,16.4
2026-02-03 13:37:00,75.38,16.4
2026-02-03 13:38:00,75.38,16.4
2026-02-03 13:39:00,75.38,16.4
2026-02-03 13:40:00,75.38,16.4
2026-02-03 13:41:00,75.2,16.5
2026-02-03 13:42:00,75.2,16.5
2026-02-03 13:43:00,75.2,16.5
2026-02-03 13:44:00,75.02,16.5
2026-02-03 13:45:00,75.02,16.5
2026-02-03 13:46:00,75.02,16.6
2026-02-03 13:47:00,75.02,16.6
2026-02-03 13:48:00,74.84,16.6
2026-02-03 13:49:00,74.84,16.6
2026-02-03 13:50:00,74.84,16.6
2026-02-03 13:51:00,74.84,16.6
2026-02-03 13:52:00,74.84,16.6
2026-02-03 13:53:00,74.66,16.6
2026-02-03 13:54:00,74.66,16.6
2026-02-03 13:55:00,74.66,16.7
2026-02-03 13:56:00,74.66,16.7
2026-02-03 13:57:00,74.66,16.7
2026-02-03 13:58:00,74.66,16.7
2026-02-03 13:59:00,74.66,16.7
2026-02-03 14:00:00,74.48,16.7
2026-02-03 14:01:00,74.48,16.7
2026-02-03 14:02:00,74.48,16.7
2026-02-03 14:03:00,74.48,16.7
2026-02-03 14:04:00,74.48,16.7
2026-02-03 14:05:00,74.48,16.7
2026-02-03 14:06:00,74.66,16.7
2026-02-03 14:07:00,74.66,16.7
2026-02-03 14:08:00,74.84,16.6
2026-02-03 14:09:00,74.84,16.6
2026-02-03 14:10:00,74.84,16.6
2026-02-03 14:11:00,75.02,16.5
2026-02-03 14:12:00,75.02,16.5
2026-02-03 14:13:00,75.02,16.5
2026-02-03 14:14:00,75.2,16.5
2026-02-03 14:15:00,75.2,16.4
2026-02-03 14:16:00,75.38,16.4
2026-02-03 14:17:00,75.38,16.4
2026-02-03 14:18:00,75.38,16.3
2026-02-03 14:19:00,75.38,16.4
2026-02-03 14:20:00,75.38,16.3
2026-02-03 14:21:00,75.38,16.4
2026-02-03 14:22:00,75.38,16.4
2026-02-03 14:23:00,75.38,16.4
2026-02-03 14:24:00,75.2,16.4
2026-02-03 14:25:00,75.2,16.4
2026-02-03 14:26:00,75.2,16.4
2026-02-03 14:27:00,75.2,16.5
2026-02-03 14:28:00,75.02,16.5
2026-02-03 14:29:00,75.02,16.5
2026-02-03 14:30:00,75.02,16.5
2026-02-03 14:31:00,75.02,16.5
2026-02-03 14:32:00,74.84,16.5
2026-02-03 14:33:00,74.84,16.5
2026-02-03 14:34:00,74.84,16.5
2026-02-03 14:35:00,74.84,16.6
2026-02-03 14:36:00,74.84,16.6
2026-02-03 14:37:00,74.66,16.6
2026-02-03 14:38:00,74.66,16.6
2026-02-03 14:39:00,74.66,16.6
2026-02-03 14:40:00,74.66,16.6
2026-02-03 14:41:00,74.66,16.6
2026-02-03 14:42:00,74.66,16.6
2026-02-03 14:43:00,74.48,16.6
2026-02-03 14:44:00,74.48,16.6
2026-02-03 14:45:00,74.48,16.7
2026-02-03 14:46:00,74.48,16.7
2026-02-03 14:47:00,74.48,16.7
2026-02-03 14:48:00,74.48,16.7
2026-02-03 14:49:00,74.48,16.7
2026-02-03 14:50:00,74.3,16.7
2026-02-03 14:51:00,74.3,16.7
2026-02-03 14:52:00,74.3,16.7
2026-02-03 14:53:00,74.3,16.7
2026-02-03 14:54:00,74.3,16.7
2026-02-03 14:55:00,74.12,16.7
2026-02-03 14:56:00,74.12,16.8
2026-02-03 14:57:00,74.12,16.7
2026-02-03 14:58:00,74.12,16.8
2026-02-03 14:59:00,74.12,16.8
2026-02-03 15:00:00,73.94,16.8
2026-02-03 15:01:00,73.94,16.8
2026-02-03 15:02:00,73.94,16.8
2026-02-03 15:03:00,73.94,16.8
2026-02-03 15:04:00,73.94,16.8
2026-02-03 15:05:00,73.94,16.8
2026-02-03 15:06:00,73.94,16.8
2026-02-03 15:07:00,73.94,16.8
2026-02-03 15:08:00,73.94,16.8
2026-02-03 15:09:00,73.94,16.8
2026-02-03 15:10:00,74.12,16.7
2026-02-03 15:11:00,74.12,16.7
2026-02-03 15:12:00,74.12,16.7
2026-02-03 15:13:00,74.12,16.7
2026-02-03 15:14:00,74.12,16.6
2026-02-03 15:15:00,74.3,16.6
2026-02-03 15:16:00,74.3,16.6
2026-02-03 15:17:00,74.3,16.6
2026-02-03 15:18:00,74.3,16.6
2026-02-03 15:19:00,74.48,16.5
2026-02-03 15:20:00,74.48,16.5
2026-02-03 15:21:00,74.48,16.5
2026-02-03 15:22:00,74.66,16.5
2026-02-03 15:23:00,74.66,16.4
2026-02-03 15:24:00,74.66,16.4
2026-02-03 15:25:00,74.66,16.4
2026-02-03 15:26:00,74.84,16.4
2026-02-03 15:27:00,74.84,16.4
2026-02-03 15:28:00,74.84,16.3
2026-02-03 15:29:00,75.02,16.3
2026-02-03 15:30:00,75.02,16.3
2026-02-03 15:31:00,75.02,16.3
2026-02-03 15:32:00,75.2,16.2
2026-02-03 15:33:00,75.2,16.2
2026-02-03 15:34:00,75.2,16.2
2026-02-03 15:35:00,75.38,16.2
2026-02-03 15:36:00,75.38,16.2
2026-02-03 15:37:00,75.38,16.2
2026-02-03 15:38:00,75.38,16.1
2026-02-03 15:39:00,75.38,16.1
2026-02-03 15:40:00,75.56,16.1
2026-02-03 15:41:00,75.56,16.1
2026-02-03 15:42:00,75.56,16.1
2026-02-03 15:43:00,75.56,16.1
2026-02-03 15:44:00,75.74,16.1
2026-02-03 15:45:00,75.74,16
2026-02-03 15:46:00,75.74,16
2026-02-03 15:47:00,75.92,16
2026-02-03 15:48:00,75.92,16
2026-02-03 15:49:00,75.92,16
2026-02-03 15:50:00,75.92,16
2026-02-03 15:51:00,76.1,16
2026-02-03 15:52:00,76.1,16
2026-02-03 15:53:00,76.1,16
2026-02-03 15:54:00,76.1,15.9
2026-02-03 15:55:00,76.1,16
2026-02-03 15:56:00,76.1,16
2026-02-03 15:57:00,76.1,16
2026-02-03 15:58:00,75.92,16
2026-02-03 15:59:00,75.92,16
2026-02-03 16:00:00,75.92,16
2026-02-03 16:01:00,75.74,16.1
2026-02-03 16:02:00,75.74,16.1
2026-02-03 16:03:00,75.74,16.1
2026-02-03 16:04:00,75.74,16.1
2026-02-03 16:05:00,75.56,16.1
2026-02-03 16:06:00,75.56,16.1
2026-02-03 16:07:00,75.56,16.2
2026-02-03 16:08:00,75.38,16.2
2026-02-03 16:09:00,75.38,16.2
2026-02-03 16:10:00,75.38,16.2
2026-02-03 16:11:00,75.38,16.2
2026-02-03 16:12:00,75.38,16.2
2026-02-03 16:13:00,75.38,16.2
2026-02-03 16:14:00,75.2,16.2
2026-02-03 16:15:00,75.2,16.3
2026-02-03 16:16:00,75.2,16.3
2026-02-03 16:17:00,75.2,16.3
2026-02-03 16:18:00,75.02,16.3
2026-02-03 16:19:00,75.02,16.3
2026-02-03 16:20:00,75.02,16.3
2026-02-03 16:21:00,75.02,16.3
2026-02-03 16:22:00,74.84,16.3
2026-02-03 16:23:00,74.84,16.3
2026-02-03 16:24:00,74.84,16.4
2026-02-03 16:25:00,74.84,16.4
2026-02-03 16:26:00,74.66,16.4
2026-02-03 16:27:00,74.66,16.4
2026-02-03 16:28:00,74.66,16.4
2026-02-03 16:29:00,74.48,16.4
2026-02-03 16:30:00,74.48,16.4
2026-02-03 16:31:00,74.48,16.4
2026-02-03 16:32:00,74.48,16.4
2026-02-03 16:33:00,74.48,16.4
2026-02-03 16:34:00,74.48,16.5
2026-02-03 16:35:00,74.3,16.4
2026-02-03 16:36:00,74.3,16.4
2026-02-03 16:37:00,74.3,16.5
2026-02-03 16:38:00,74.3,16.5
2026-02-03 16:39:00,74.3,16.5
2026-02-03 16:40:00,74.12,16.5
2026-02-03 16:41:00,74.12,16.5
2026-02-03 16:42:00,74.12,16.4
2026-02-03 16:43:00,74.12,16.5
2026-02-03 16:44:00,73.94,16.5
2026-02-03 16:45:00,73.94,16.5
2026-02-03 16:46:00,73.94,16.5
2026-02-03 16:47:00,73.94,16.5
2026-02-03 16:48:00,73.94,16.5
2026-02-03 16:49:00,73.76,16.5
2026-02-03 16:50:00,73.76,16.5
2026-02-03 16:51:00,73.76,16.5
2026-02-03 16:52:00,73.76,16.5
2026-02-03 16:53:00,73.76,16.6
2026-02-03 16:54:00,73.76,16.5
2026-02-03 16:55:00,73.76,16.6
2026-02-03 16:56:00,73.76,16.6
2026-02-03 16:57:00,73.76,16.6
2026-02-03 16:58:00,73.76,16.6
2026-02-03 16:59:00,73.94,16.7
2026-02-03 17:00:00,73.94,16.5
2026-02-03 17:01:00,73.76,16.3
2026-02-03 17:02:00,73.76,16.1
2026-02-03 17:03:00,73.58,16.1
2026-02-03 17:04:00,73.58,16.1
2026-02-03 17:05:00,73.58,16.1
2026-02-03 17:06:00,73.58,16.1
2026-02-03 17:07:00,73.58,16.1
2026-02-03 17:08:00,73.58,16.1
2026-02-03 17:09:00,73.58,16.1
2026-02-03 17:10:00,73.58,16.1
2026-02-03 17:11:00,73.58,16.1
2026-02-03 17:12:00,73.58,16.1
2026-02-03 17:13:00,73.58,16.1
2026-02-03 17:14:00,73.58,16.1
2026-02-03 17:15:00,73.58,16.1
2026-02-03 17:16:00,73.58,16.1
2026-02-03 17:17:00,73.58,16.1
2026-02-03 17:18:00,73.58,16.1
2026-02-03 17:19:00,73.58,16.1
2026-02-03 17:20:00,73.58,16.1
2026-02-03 17:21:00,73.58,16.2
2026-02-03 17:22:00,73.58,16.2
2026-02-03 17:23:00,73.58,16.2
2026-02-03 17:24:00,73.58,16.2
2026-02-03 17:25:00,73.58,16.2
2026-02-03 17:26:00,73.58,16.2
2026-02-03 17:27:00,73.58,16.2
2026-02-03 17:28:00,73.76,16.2
2026-02-03 17:29:00,73.76,16.2
2026-02-03 17:30:00,73.76,16.2
2026-02-03 17:31:00,73.76,16.2
2026-02-03 17:32:00,73.76,16.2
2026-02-03 17:33:00,73.76,16.2
2026-02-03 17:34:00,73.76,16.2
2026-02-03 17:35:00,73.94,16.2
2026-02-03 17:36:00,73.94,16.2
2026-02-03 17:37:00,73.94,16.2
2026-02-03 17:38:00,73.94,16.2
2026-02-03 17:39:00,73.94,16.2
2026-02-03 17:40:00,73.94,16.2
2026-02-03 17:41:00,73.94,16.2
2026-02-03 17:42:00,73.94,16.2
2026-02-03 17:43:00,73.94,16.2
2026-02-03 17:44:00,74.12,16.2
2026-02-03 17:45:00,73.94,16.3
2026-02-03 17:46:00,74.12,16.5
2026-02-03 17:47:00,74.12,16.4
2026-02-03 17:48:00,74.3,16.4